"1","Allgemein","allgemein","0"
"4","Deutsch","de","0"
"5","Deutsch","pll_de","0"
"6","pll_550e1d743e915","pll_550e1d743e915","0"
"7","English","en","0"
"8","English","pll_en","0"
"9","News","news-en","0"
"14","pll_55101d4d979cf","pll_55101d4d979cf","0"
"15","pll_55102b16e62e1","pll_55102b16e62e1","0"
"17","pll_55106ba182975","pll_55106ba182975","0"
"20","Русский","ru","0"
"21","Русский","pll_ru","0"
"22","Новости","news-ru","0"
"29","pll_5527bc9d6c990","pll_5527bc9d6c990","0"
"31","pll_5527bd8af0167","pll_5527bd8af0167","0"
"33","pll_5527bdf462cd2","pll_5527bdf462cd2","0"
"39","pll_5527cdb4b7736","pll_5527cdb4b7736","0"
"42","pll_5527ce55d86e1","pll_5527ce55d86e1","0"
"43","pll_5527ce7abccbd","pll_5527ce7abccbd","0"
"44","pll_5527ceabe9885","pll_5527ceabe9885","0"
"50","pll_552e7d1cee431","pll_552e7d1cee431","0"
"53","pll_552e7dc09879c","pll_552e7dc09879c","0"
"56","pll_552e7ea199ab4","pll_552e7ea199ab4","0"
"58","pll_552e802c71bc7","pll_552e802c71bc7","0"
"61","pll_552e80c1a5394","pll_552e80c1a5394","0"
"64","pll_552e81b9d8d8f","pll_552e81b9d8d8f","0"
"71","pll_553e0970c1813","pll_553e0970c1813","0"
"74","2016_top_menue","2016_top_menue","0"
"75","2016_seitenfuss_de","2016_seitenfuss_de","0"
"76","2016_seitenfuss_ru","2016_seitenfuss_ru","0"
"77","2016_seitenfuss_en","2016_seitenfuss_en","0"
"78","2016_kopfzeile_de","2016_kopfzeile_de","0"
"79","2016_kopfzeile_ru","2016_kopfzeile_ru","0"
"80","2016_kopfzeile_en","2016_kopfzeile_en","0"
"81","pll_56adc661ba10f","pll_56adc661ba10f","0"
"82","pll_56adc7892c95b","pll_56adc7892c95b","0"
"85","Installation","installation","0"
"86","2016","2016","0"
"87","pll_56bd8433d2d16","pll_56bd8433d2d16","0"
"88","pll_56bd84aa92cf0","pll_56bd84aa92cf0","0"
"89","pll_56bd853de2070","pll_56bd853de2070","0"
"90","pll_56bd859c82176","pll_56bd859c82176","0"
"91","pll_56bd86000e4b0","pll_56bd86000e4b0","0"
"92","pll_56bf8af19cc9e","pll_56bf8af19cc9e","0"
"93","pll_56bf8be28d9d4","pll_56bf8be28d9d4","0"
"105","pll_56bf90e18fb1f","pll_56bf90e18fb1f","0"
"106","pll_56bf922386a35","pll_56bf922386a35","0"
"111","Grafik","grafik","0"
"112","Logo","logo","0"
"113","Bilder","bilder","0"
"114","PDF","pdf","0"
"115","Excel","excel","0"
"116","Screenshot","screenshot","0"
"117","Logo","logo","0"
"118","Icon","icon","0"
"119","Adapter","adapter","0"
"120","Hardware","hardware","0"
"121","S7","s7","0"
"122","pll_56c1aeb913c8b","pll_56c1aeb913c8b","0"
"123","pll_56c1aefb48254","pll_56c1aefb48254","0"
"124","pll_56c1d7215ff1e","pll_56c1d7215ff1e","0"
"127","Medientyp","medientyp","0"
"128","Grafik","grafik","0"
"129","Logo","logo","0"
"130","Screenshot","screenshot","0"
"131","Icon","icon","0"
"132","Thema","thema","0"
"133","Adapter","adapter","0"
"134","Hardware","hardware","0"
"135","S7","s7","0"
"137","Homepage","homepage","0"
"138","pll_56c5cdb1588fb","pll_56c5cdb1588fb","0"
"139","Layout","layout","0"
"140","pll_56c5cdb15d551","pll_56c5cdb15d551","0"
"141","Feedback","feedback","0"
"142","pll_56c5cdb162515","pll_56c5cdb162515","0"
"143","pll_56c6f954148b9","pll_56c6f954148b9","0"
"145","pll_56c77ba65dd23","pll_56c77ba65dd23","0"
"146","Dokument","dokument","0"
"147","Excel","excel","0"
"148","Visualisierung","visualisierung","0"
"149","VIS","vis","0"
"150","Wetter","wetter","0"
"151","DWD","dwd","0"
"152","HM-RPC","hm-rpc","0"
"153","HM-REGA","hm-rega","0"
"154","Installation","installation","0"
"155","Windows","windows","0"
"156","Image","image","0"
"157","Fritzbox","fritzbox","0"
"158","Widget","widget","0"
"159","ArtNet","artnet","0"
"160","Adapter","adapter","0"
"161","pll_56d18d66d92e7","pll_56d18d66d92e7","0"
"162","Adapter","adapter","0"
"163","pll_56d18d73df971","pll_56d18d73df971","0"
"164","Admin","admin","0"
"165","pll_56d18d73f02ae","pll_56d18d73f02ae","0"
"166","Tools","tools","0"
"167","Widget","widgets","0"
"168","Node","node","0"
"169","Jira","jira","0"
"170","pll_56d6fe4881ff2","pll_56d6fe4881ff2","0"
"171","pll_56d70f991dbd8","pll_56d70f991dbd8","0"
"172","pll_56e16b8254aac","pll_56e16b8254aac","0"
"173","pll_56e6e851a8319","pll_56e6e851a8319","0"
"174","pll_56e9d2aa42dee","pll_56e9d2aa42dee","0"
"176","pll_56ed495d1dc7e","pll_56ed495d1dc7e","0"
"177","pll_5700b0ff2f737","pll_5700b0ff2f737","0"
"178","pll_570a7da01a0e4","pll_570a7da01a0e4","0"
"180","pll_572f4c722fcd7","pll_572f4c722fcd7","0"
"182","SQL","storage","0"
"184","pll_573c7f9a127d7","pll_573c7f9a127d7","0"
"185","pll_573c82316b71a","pll_573c82316b71a","0"
"186","pll_573c9bf762e68","pll_573c9bf762e68","0"
"187","pll_573cbccf24192","pll_573cbccf24192","0"
"188","pll_573cbe3d547cb","pll_573cbe3d547cb","0"
"189","pll_573cbf07b43b5","pll_573cbf07b43b5","0"
"191","pll_5742f728e736b","pll_5742f728e736b","0"
"192","pll_5746ddbb06f70","pll_5746ddbb06f70","0"
"193","pll_574c01e1aedfc","pll_574c01e1aedfc","0"
"194","pll_574c30b52b9d0","pll_574c30b52b9d0","0"
"195","pll_575c26d4e0e50","pll_575c26d4e0e50","0"
"196","pll_576075501a357","pll_576075501a357","0"
"197","pll_576a4ed8dfdff","pll_576a4ed8dfdff","0"
"198","pll_57725e7661104","pll_57725e7661104","0"
"199","pll_5791cddd9b537","pll_5791cddd9b537","0"
"200","pll_5791d0e937834","pll_5791d0e937834","0"
"201","pll_57bffa078d516","pll_57bffa078d516","0"
"202","pll_57c210beb4d9c","pll_57c210beb4d9c","0"
"203","pll_57d715d4900ea","pll_57d715d4900ea","0"
"204","pll_57e04c5d73c55","pll_57e04c5d73c55","0"
"205","pll_5807319eb7212","pll_5807319eb7212","0"
"206","Nested Pages","nested-pages","0"
"207","pll_5834096f9fc11","pll_5834096f9fc11","0"
"209","pll_5867a0bc0c8b2","pll_5867a0bc0c8b2","0"
"210","pll_58906f167e26c","pll_58906f167e26c","0"
"211","pll_58b5a76d41bcd","pll_58b5a76d41bcd","0"
"212","pll_58b933b9363b5","pll_58b933b9363b5","0"
"213","pll_58b93af34cc1d","pll_58b93af34cc1d","0"
"214","pll_58bf304235695","pll_58bf304235695","0"