"1","5","0"
"1","6","0"
"9","6","0"
"9","8","0"
"14","4","0"
"14","15","0"
"22","6","0"
"22","21","0"
"66","7","0"
"85","4","0"
"86","4","0"
"115","4","0"
"115","29","0"
"134","4","0"
"134","31","0"
"137","5","0"
"137","138","0"
"139","5","0"
"139","140","0"
"141","5","0"
"141","142","0"
"144","4","0"
"150","4","0"
"150","42","0"
"152","4","0"
"152","43","0"
"154","4","0"
"154","44","0"
"158","4","0"
"160","5","0"
"160","161","0"
"162","5","0"
"162","163","0"
"164","5","0"
"164","165","0"
"166","4","0"
"166","50","0"
"172","4","0"
"172","53","0"
"174","4","0"
"176","4","0"
"178","4","0"
"178","56","0"
"180","4","0"
"182","4","0"
"182","58","0"
"188","4","0"
"188","61","0"
"194","4","0"
"194","64","0"
"198","4","0"
"267","14","0"
"267","20","0"
"287","17","0"
"287","20","0"
"377","4","0"
"774","4","0"
"775","4","0"
"776","4","0"
"777","4","0"
"778","4","0"
"779","4","0"
"780","4","0"
"782","4","0"
"783","4","0"
"784","4","0"
"785","4","0"
"786","4","0"
"787","4","0"
"789","4","0"
"790","4","0"
"791","4","0"
"792","4","0"
"793","4","0"
"794","4","0"
"795","4","0"
"796","4","0"
"797","4","0"
"798","4","0"
"799","4","0"
"800","4","0"
"801","4","0"
"802","4","0"
"803","1","0"
"803","4","0"
"803","130","0"
"803","150","0"
"803","151","0"
"804","4","0"
"805","4","0"
"806","4","0"
"807","4","0"
"808","4","0"
"809","4","0"
"810","4","0"
"811","4","0"
"812","4","0"
"813","4","0"
"814","4","0"
"815","4","0"
"816","4","0"
"817","4","0"
"818","4","0"
"819","4","0"
"820","4","0"
"821","4","0"
"822","4","0"
"823","4","0"
"824","4","0"
"825","4","0"
"826","4","0"
"827","4","0"
"828","4","0"
"829","4","0"
"830","4","0"
"831","4","0"
"832","4","0"
"833","4","0"
"834","4","0"
"835","4","0"
"836","4","0"
"837","4","0"
"838","4","0"
"839","4","0"
"840","4","0"
"841","4","0"
"842","4","0"
"843","4","0"
"844","4","0"
"845","4","0"
"846","4","0"
"847","4","0"
"848","4","0"
"849","4","0"
"850","4","0"
"851","4","0"
"852","4","0"
"853","4","0"
"854","4","0"
"855","4","0"
"856","4","0"
"857","4","0"
"858","4","0"
"859","4","0"
"860","4","0"
"861","4","0"
"863","4","0"
"864","4","0"
"865","4","0"
"866","4","0"
"867","4","0"
"868","4","0"
"869","4","0"
"870","4","0"
"871","4","0"
"872","4","0"
"873","4","0"
"874","4","0"
"875","4","0"
"876","4","0"
"877","4","0"
"878","4","0"
"879","4","0"
"880","4","0"
"881","4","0"
"882","4","0"
"883","4","0"
"884","4","0"
"885","4","0"
"886","4","0"
"887","1","0"
"887","4","0"
"888","4","0"
"889","4","0"
"890","4","0"
"891","4","0"
"892","4","0"
"893","4","0"
"894","4","0"
"895","4","0"
"896","4","0"
"897","4","0"
"898","4","0"
"899","4","0"
"900","4","0"
"924","4","0"
"955","4","0"
"961","4","0"
"962","4","0"
"963","4","0"
"964","4","0"
"965","4","0"
"966","4","0"
"969","4","0"
"969","71","0"
"999","4","0"
"1006","4","0"
"1007","4","0"
"1008","4","0"
"1020","4","0"
"1021","4","0"
"1022","4","0"
"1026","4","0"
"1027","4","0"
"1031","4","0"
"1033","4","0"
"1034","4","0"
"1045","4","0"
"1048","4","0"
"1059","4","0"
"1060","4","0"
"1061","4","0"
"1062","4","0"
"1063","4","0"
"1064","4","0"
"1069","4","0"
"1070","4","0"
"1071","4","0"
"1072","4","0"
"1073","4","0"
"1076","4","0"
"1078","4","0"
"1079","4","0"
"1130","4","0"
"1137","4","0"
"1141","4","0"
"1154","4","0"
"1176","7","0"
"1184","7","0"
"1186","7","0"
"1188","7","0"
"1195","7","0"
"1203","4","0"
"1206","4","0"
"1233","4","0"
"1234","1","0"
"1234","4","0"
"1238","4","0"
"1244","4","0"
"1245","4","0"
"1246","4","0"
"1247","4","0"
"1271","4","0"
"1272","4","0"
"1273","4","0"
"1274","4","0"
"1275","4","0"
"1276","4","0"
"1277","4","0"
"1278","4","0"
"1279","4","0"
"1280","4","0"
"1281","4","0"
"1282","4","0"
"1283","4","0"
"1284","4","0"
"1285","4","0"
"1286","4","0"
"1287","4","0"
"1288","4","0"
"1289","4","0"
"1290","4","0"
"1291","4","0"
"1292","4","0"
"1293","4","0"
"1294","4","0"
"1295","4","0"
"1299","4","0"
"1315","4","0"
"1324","4","0"
"1338","4","0"
"1340","4","0"
"1348","4","0"
"1351","4","0"
"1353","1","0"
"1353","4","0"
"1353","159","0"
"1354","1","0"
"1354","4","0"
"1354","159","0"
"1357","4","0"
"1358","4","0"
"1362","4","0"
"1363","4","0"
"1364","4","0"
"1365","4","0"
"1368","4","0"
"1369","4","0"
"1375","4","0"
"1376","4","0"
"1379","4","0"
"1380","4","0"
"1382","4","0"
"1383","4","0"
"1387","4","0"
"1388","4","0"
"1391","4","0"
"1392","4","0"
"1394","4","0"
"1395","4","0"
"1398","4","0"
"1399","4","0"
"1402","4","0"
"1403","4","0"
"1408","4","0"
"1409","4","0"
"1410","4","0"
"1411","4","0"
"1412","4","0"
"1413","4","0"
"1422","4","0"
"1426","4","0"
"1427","4","0"
"1428","4","0"
"1429","4","0"
"1430","4","0"
"1431","4","0"
"1432","4","0"
"1433","4","0"
"1434","4","0"
"1435","4","0"
"1436","4","0"
"1437","4","0"
"1438","4","0"
"1439","4","0"
"1440","4","0"
"1441","4","0"
"1442","4","0"
"1443","4","0"
"1444","4","0"
"1445","4","0"
"1446","4","0"
"1447","4","0"
"1448","4","0"
"1450","4","0"
"1451","4","0"
"1452","4","0"
"1453","4","0"
"1455","4","0"
"1456","4","0"
"1457","4","0"
"1508","4","0"
"1533","4","0"
"1543","4","0"
"1546","4","0"
"1547","4","0"
"1548","4","0"
"1549","4","0"
"1559","4","0"
"1560","4","0"
"1567","4","0"
"1570","4","0"
"1598","4","0"
"1599","4","0"
"1609","4","0"
"1618","4","0"
"1626","4","0"
"1632","4","0"
"1671","4","0"
"1677","4","0"
"1678","4","0"
"1679","4","0"
"1680","4","0"
"1681","4","0"
"1702","4","0"
"1720","4","0"
"1723","4","0"
"1735","4","0"
"1742","4","0"
"1743","1","0"
"1743","4","0"
"1743","130","0"
"1743","152","0"
"1773","4","0"
"1774","4","0"
"1775","4","0"
"1776","4","0"
"1777","4","0"
"1778","4","0"
"1779","4","0"
"1780","4","0"
"1781","4","0"
"1782","4","0"
"1783","4","0"
"1784","4","0"
"1828","4","0"
"1829","4","0"
"1830","4","0"
"1831","4","0"
"1832","4","0"
"1833","4","0"
"1834","4","0"
"1835","4","0"
"1836","4","0"
"1837","4","0"
"1838","4","0"
"1839","4","0"
"1840","4","0"
"1841","4","0"
"1842","4","0"
"1843","4","0"
"1844","1","0"
"1844","4","0"
"1845","4","0"
"1846","4","0"
"1847","4","0"
"1848","4","0"
"1850","4","0"
"1852","85","0"
"1852","86","0"
"1872","4","0"
"1878","4","0"
"1891","4","0"
"1892","4","0"
"1901","4","0"
"1912","4","0"
"1950","4","0"
"1953","4","0"
"1954","4","0"
"1955","4","0"
"1956","4","0"
"1960","4","0"
"1963","4","0"
"1964","4","0"
"1970","4","0"
"1971","4","0"
"1974","4","0"
"1976","4","0"
"1977","4","0"
"1981","4","0"
"1982","4","0"
"1986","4","0"
"1990","4","0"
"1992","4","0"
"1994","4","0"
"2000","4","0"
"2001","4","0"
"2002","4","0"
"2007","4","0"
"2008","4","0"
"2009","4","0"
"2011","4","0"
"2020","4","0"
"2021","4","0"
"2022","4","0"
"2055","4","0"
"2069","4","0"
"2072","4","0"
"2076","4","0"
"2079","4","0"
"2082","4","0"
"2100","4","0"
"2110","4","0"
"2117","85","0"
"2117","86","0"
"2119","168","0"
"2132","4","0"
"2137","85","0"
"2137","86","0"
"2159","85","0"
"2203","74","0"
"2204","78","0"
"2205","4","0"
"2205","81","0"
"2208","4","0"
"2208","82","0"
"2210","75","0"
"2214","7","0"
"2214","81","0"
"2216","7","0"
"2216","82","0"
"2219","77","0"
"2221","1","0"
"2221","4","0"
"2221","129","0"
"2222","1","0"
"2222","4","0"
"2222","129","0"
"2223","4","0"
"2223","90","0"
"2227","75","0"
"2232","1","0"
"2232","4","0"
"2232","129","0"
"2233","1","0"
"2233","7","0"
"2233","131","0"
"2234","1","0"
"2234","20","0"
"2234","131","0"
"2235","1","0"
"2235","4","0"
"2235","131","0"
"2236","4","0"
"2236","92","0"
"2238","4","0"
"2238","186","0"
"2240","4","0"
"2248","78","0"
"2249","78","0"
"2258","4","0"
"2258","122","0"
"2273","1","0"
"2273","4","0"
"2273","106","0"
"2273","131","0"
"2278","78","0"
"2279","4","0"
"2279","124","0"
"2281","4","0"
"2281","143","0"
"2283","4","0"
"2283","123","0"
"2285","4","0"
"2285","145","0"
"2287","78","0"
"2288","78","0"
"2289","78","0"
"2290","78","0"
"2291","4","0"
"2293","4","0"
"2295","4","0"
"2297","4","0"
"2300","78","0"
"2302","78","0"
"2303","4","0"
"2303","88","0"
"2305","4","0"
"2305","89","0"
"2307","75","0"
"2314","75","0"
"2342","1","0"
"2342","4","0"
"2342","105","0"
"2342","131","0"
"2354","4","0"
"2358","78","0"
"2364","4","0"
"2364","87","0"
"2366","7","0"
"2366","87","0"
"2375","4","0"
"2375","14","0"
"2379","78","0"
"2380","4","0"
"2380","171","0"
"2387","4","0"
"2387","198","0"
"2392","4","0"
"2392","173","0"
"2394","78","0"
"2395","78","0"
"2396","78","0"
"2401","4","0"
"2403","4","0"
"2403","188","0"
"2405","4","0"
"2405","93","0"
"2407","4","0"
"2407","187","0"
"2410","4","0"
"2412","4","0"
"2412","200","0"
"2415","4","0"
"2415","193","0"
"2417","4","0"
"2417","194","0"
"2419","4","0"
"2419","191","0"
"2421","4","0"
"2421","189","0"
"2423","78","0"
"2424","78","0"
"2425","78","0"
"2426","78","0"
"2427","78","0"
"2428","78","0"
"2429","78","0"
"2430","78","0"
"2431","78","0"
"2432","78","0"
"2484","4","0"
"2484","91","0"
"2486","75","0"
"2489","85","0"
"2521","20","0"
"2521","87","0"
"2523","7","0"
"2523","88","0"
"2525","7","0"
"2525","89","0"
"2528","7","0"
"2528","90","0"
"2530","7","0"
"2530","91","0"
"2532","77","0"
"2533","77","0"
"2534","77","0"
"2535","77","0"
"2563","4","0"
"2563","170","0"
"2565","4","0"
"2573","7","0"
"2573","92","0"
"2575","7","0"
"2575","211","0"
"2578","7","0"
"2578","93","0"
"2582","1","0"
"2582","7","0"
"2582","130","0"
"2582","135","0"
"2583","1","0"
"2583","7","0"
"2583","130","0"
"2583","135","0"
"2584","1","0"
"2584","7","0"
"2584","130","0"
"2584","135","0"
"2586","1","0"
"2586","7","0"
"2586","130","0"
"2586","135","0"
"2589","1","0"
"2589","7","0"
"2589","105","0"
"2589","131","0"
"2590","1","0"
"2590","20","0"
"2590","105","0"
"2590","131","0"
"2592","1","0"
"2592","7","0"
"2592","106","0"
"2592","131","0"
"2594","1","0"
"2594","7","0"
"2594","130","0"
"2594","135","0"
"2597","1","0"
"2597","7","0"
"2597","130","0"
"2597","135","0"
"2598","1","0"
"2598","7","0"
"2598","130","0"
"2598","135","0"
"2599","1","0"
"2599","7","0"
"2599","130","0"
"2599","135","0"
"2600","1","0"
"2600","7","0"
"2600","130","0"
"2600","135","0"
"2601","1","0"
"2601","7","0"
"2601","130","0"
"2601","135","0"
"2602","1","0"
"2602","7","0"
"2602","130","0"
"2602","135","0"
"2603","1","0"
"2603","7","0"
"2603","130","0"
"2603","135","0"
"2604","1","0"
"2604","7","0"
"2604","116","0"
"2604","130","0"
"2604","135","0"
"2605","1","0"
"2605","7","0"
"2605","113","0"
"2605","116","0"
"2605","119","0"
"2605","120","0"
"2605","121","0"
"2605","130","0"
"2605","135","0"
"2606","1","0"
"2606","7","0"
"2606","113","0"
"2606","116","0"
"2606","119","0"
"2606","120","0"
"2606","121","0"
"2606","130","0"
"2606","135","0"
"2607","1","0"
"2607","7","0"
"2607","113","0"
"2607","116","0"
"2607","119","0"
"2607","120","0"
"2607","121","0"
"2607","130","0"
"2607","135","0"
"2614","155","0"
"2620","7","0"
"2620","122","0"
"2622","7","0"
"2622","123","0"
"2626","78","0"
"2628","20","0"
"2628","92","0"
"2630","20","0"
"2630","124","0"
"2632","7","0"
"2632","124","0"
"2634","80","0"
"2635","79","0"
"2636","79","0"
"2645","1","0"
"2645","4","0"
"2645","137","0"
"2645","139","0"
"2645","141","0"
"2649","20","0"
"2649","122","0"
"2651","20","0"
"2651","123","0"
"2653","20","0"
"2653","143","0"
"2672","4","0"
"2674","7","0"
"2674","143","0"
"2676","7","0"
"2676","145","0"
"2678","20","0"
"2678","145","0"
"2680","80","0"
"2681","80","0"
"2682","80","0"
"2683","80","0"
"2684","80","0"
"2685","80","0"
"2686","79","0"
"2687","79","0"
"2688","79","0"
"2689","79","0"
"2690","20","0"
"2690","81","0"
"2692","20","0"
"2692","82","0"
"2693","20","0"
"2693","90","0"
"2694","20","0"
"2694","89","0"
"2695","20","0"
"2695","88","0"
"2696","20","0"
"2696","91","0"
"2704","76","0"
"2705","76","0"
"2706","76","0"
"2707","76","0"
"2708","76","0"
"2711","1","0"
"2711","7","0"
"2711","130","0"
"2711","135","0"
"2712","1","0"
"2712","7","0"
"2712","130","0"
"2712","135","0"
"2713","1","0"
"2713","7","0"
"2713","130","0"
"2713","135","0"
"2714","1","0"
"2714","7","0"
"2714","130","0"
"2714","135","0"
"2715","1","0"
"2715","7","0"
"2715","130","0"
"2715","135","0"
"2716","1","0"
"2716","7","0"
"2716","130","0"
"2716","135","0"
"2717","1","0"
"2717","7","0"
"2717","130","0"
"2717","135","0"
"2718","1","0"
"2718","7","0"
"2718","130","0"
"2718","135","0"
"2719","1","0"
"2719","7","0"
"2719","130","0"
"2719","135","0"
"2720","1","0"
"2720","7","0"
"2720","130","0"
"2720","135","0"
"2721","1","0"
"2721","7","0"
"2721","130","0"
"2721","135","0"
"2722","1","0"
"2722","7","0"
"2722","130","0"
"2722","135","0"
"2723","1","0"
"2723","7","0"
"2723","130","0"
"2723","135","0"
"2724","1","0"
"2724","7","0"
"2724","130","0"
"2724","135","0"
"2725","1","0"
"2725","7","0"
"2725","130","0"
"2725","135","0"
"2727","1","0"
"2727","7","0"
"2727","135","0"
"2727","147","0"
"2754","4","0"
"2760","4","0"
"2765","4","0"
"2786","4","0"
"2805","78","0"
"2806","78","0"
"2818","4","0"
"2825","4","0"
"2829","4","0"
"2836","1","0"
"2836","129","0"
"2836","149","0"
"2842","1","0"
"2842","129","0"
"2842","152","0"
"2842","153","0"
"2847","4","0"
"2849","168","0"
"2852","156","0"
"2856","1","0"
"2856","130","0"
"2856","157","0"
"2857","1","0"
"2857","130","0"
"2857","157","0"
"2858","1","0"
"2858","130","0"
"2858","157","0"
"2859","1","0"
"2859","130","0"
"2859","157","0"
"2860","1","0"
"2860","157","0"
"2860","158","0"
"2861","167","0"
"2868","1","0"
"2868","129","0"
"2869","1","0"
"2869","130","0"
"2879","1","0"
"2879","133","0"
"2882","4","0"
"2882","160","0"
"2882","162","0"
"2882","164","0"
"2883","1","0"
"2883","133","0"
"2895","156","0"
"2898","156","0"
"2899","156","0"
"2904","156","0"
"2908","4","0"
"2914","4","0"
"2922","79","0"
"2924","1","0"
"2924","129","0"
"2926","4","0"
"2929","1","0"
"2929","169","0"
"2930","1","0"
"2930","169","0"
"2931","1","0"
"2931","169","0"
"2932","1","0"
"2932","169","0"
"2935","78","0"
"2936","4","0"
"2951","4","0"
"2968","20","0"
"2968","170","0"
"2991","20","0"
"2991","171","0"
"3008","79","0"
"3009","80","0"
"3010","79","0"
"3026","4","0"
"3060","4","0"
"3066","78","0"
"3068","4","0"
"3070","78","0"
"3074","4","0"
"3074","174","0"
"3076","78","0"
"3078","4","0"
"3082","4","0"
"3085","4","0"
"3107","1","0"
"3108","20","0"
"3108","22","0"
"3108","172","0"
"3112","1","0"
"3112","4","0"
"3112","172","0"
"3115","7","0"
"3115","9","0"
"3115","172","0"
"3141","4","0"
"3148","79","0"
"3183","1","0"
"3183","130","0"
"3183","133","0"
"3183","153","0"
"3189","1","0"
"3189","127","0"
"3189","130","0"
"3189","133","0"
"3212","1","0"
"3212","127","0"
"3212","130","0"
"3226","1","0"
"3226","127","0"
"3226","130","0"
"3231","1","0"
"3231","127","0"
"3231","130","0"
"3231","133","0"
"3232","1","0"
"3232","127","0"
"3232","130","0"
"3233","1","0"
"3233","127","0"
"3233","130","0"
"3254","1","0"
"3254","127","0"
"3254","128","0"
"3254","129","0"
"3254","131","0"
"3255","1","0"
"3255","127","0"
"3255","128","0"
"3255","130","0"
"3255","133","0"
"3257","1","0"
"3257","127","0"
"3257","128","0"
"3257","130","0"
"3257","133","0"
"3274","1","0"
"3274","127","0"
"3274","128","0"
"3274","130","0"
"3274","133","0"
"3274","134","0"
"3274","153","0"
"3275","1","0"
"3275","127","0"
"3275","128","0"
"3275","130","0"
"3275","133","0"
"3275","153","0"
"3285","1","0"
"3285","127","0"
"3285","128","0"
"3285","130","0"
"3285","133","0"
"3285","134","0"
"3285","152","0"
"3303","20","0"
"3303","174","0"
"3305","1","0"
"3312","79","0"
"3313","79","0"
"3320","20","0"
"3334","4","0"
"3336","78","0"
"3337","78","0"
"3338","78","0"
"3340","1","0"
"3340","127","0"
"3340","128","0"
"3340","130","0"
"3340","133","0"
"3343","1","0"
"3343","127","0"
"3343","128","0"
"3343","130","0"
"3343","133","0"
"3343","150","0"
"3344","1","0"
"3344","127","0"
"3344","130","0"
"3344","133","0"
"3344","146","0"
"3344","150","0"
"3344","158","0"
"3349","4","0"
"3349","176","0"
"3362","4","0"
"3371","1","0"
"3374","20","0"
"3374","176","0"
"3381","4","0"
"3385","1","0"
"3385","127","0"
"3385","128","0"
"3385","130","0"
"3385","133","0"
"3389","1","0"
"3389","127","0"
"3389","128","0"
"3389","130","0"
"3389","133","0"
"3397","4","0"
"3397","202","0"
"3404","1","0"
"3404","127","0"
"3404","130","0"
"3407","1","0"
"3407","127","0"
"3407","130","0"
"3407","133","0"
"3415","20","0"
"3415","177","0"
"3432","1","0"
"3432","127","0"
"3432","128","0"
"3432","129","0"
"3432","133","0"
"3432","134","0"
"3432","157","0"
"3435","1","0"
"3435","127","0"
"3435","128","0"
"3435","130","0"
"3435","133","0"
"3435","134","0"
"3435","157","0"
"3438","1","0"
"3438","127","0"
"3438","128","0"
"3438","130","0"
"3438","133","0"
"3440","1","0"
"3440","127","0"
"3440","128","0"
"3440","130","0"
"3440","133","0"
"3441","1","0"
"3441","127","0"
"3441","128","0"
"3441","129","0"
"3441","133","0"
"3463","78","0"
"3467","4","0"
"3469","1","0"
"3489","20","0"
"3489","178","0"
"3494","79","0"
"3500","1","0"
"3500","4","0"
"3504","1","0"
"3506","1","0"
"3507","1","0"
"3508","1","0"
"3509","1","0"
"3510","1","0"
"3511","1","0"
"3512","1","0"
"3513","1","0"
"3514","1","0"
"3515","1","0"
"3516","1","0"
"3517","1","0"
"3518","1","0"
"3519","1","0"
"3520","1","0"
"3526","4","0"
"3541","4","0"
"3550","4","0"
"3553","4","0"
"3565","4","0"
"3569","4","0"
"3571","4","0"
"3573","4","0"
"3585","4","0"
"3587","4","0"
"3589","4","0"
"3591","4","0"
"3593","4","0"
"3606","4","0"
"3607","4","0"
"3608","4","0"
"3636","20","0"
"3636","39","0"
"3640","4","0"
"3641","4","0"
"3647","4","0"
"3651","4","0"
"3652","4","0"
"3660","4","0"
"3663","4","0"
"3668","4","0"
"3669","4","0"
"3670","4","0"
"3675","4","0"
"3678","4","0"
"3681","4","0"
"3682","4","0"
"3684","4","0"
"3690","4","0"
"3691","4","0"
"3692","4","0"
"3693","4","0"
"3699","4","0"
"3708","4","0"
"3725","4","0"
"3754","78","0"
"3755","78","0"
"3756","78","0"
"3757","78","0"
"3758","78","0"
"3759","78","0"
"3764","1","0"
"3772","4","0"
"3780","4","0"
"3781","4","0"
"3781","185","0"
"3783","4","0"
"3784","4","0"
"3786","4","0"
"3786","197","0"
"3788","4","0"
"3790","4","0"
"3790","195","0"
"3800","20","0"
"3800","180","0"
"3822","4","0"
"3833","4","0"
"3885","79","0"
"3886","79","0"
"3892","1","0"
"3893","1","0"
"3894","1","0"
"3909","20","0"
"3909","22","0"
"3913","1","0"
"3914","1","0"
"3915","1","0"
"3916","1","0"
"3917","1","0"
"3928","4","0"
"3928","201","0"
"3931","1","0"
"3931","182","0"
"3932","1","0"
"3932","182","0"
"3933","1","0"
"3933","182","0"
"3934","1","0"
"3934","182","0"
"3935","1","0"
"3935","182","0"
"3936","1","0"
"3936","182","0"
"3937","1","0"
"3937","182","0"
"3938","1","0"
"3938","182","0"
"3939","1","0"
"3939","182","0"
"3940","1","0"
"3940","182","0"
"3941","1","0"
"3941","182","0"
"3942","1","0"
"3942","182","0"
"3943","1","0"
"3943","182","0"
"3944","1","0"
"3944","182","0"
"3945","1","0"
"3945","182","0"
"3946","1","0"
"3946","182","0"
"3947","1","0"
"3947","182","0"
"3948","1","0"
"3948","182","0"
"3949","1","0"
"3949","182","0"
"3950","1","0"
"3950","182","0"
"3951","1","0"
"3951","182","0"
"3952","1","0"
"3952","182","0"
"3953","1","0"
"3953","182","0"
"3954","1","0"
"3954","182","0"
"3955","1","0"
"3955","182","0"
"3956","1","0"
"3956","182","0"
"3957","1","0"
"3957","182","0"
"3958","1","0"
"3958","182","0"
"3959","1","0"
"3959","182","0"
"3960","1","0"
"3960","182","0"
"3964","78","0"
"3965","1","0"
"3965","182","0"
"3971","4","0"
"3971","213","0"
"3977","1","0"
"3977","182","0"
"3978","1","0"
"3978","182","0"
"3979","1","0"
"3979","182","0"
"3980","1","0"
"3980","182","0"
"3981","1","0"
"3981","182","0"
"3987","80","0"
"3993","1","0"
"3993","182","0"
"3994","1","0"
"3994","182","0"
"3996","1","0"
"3996","182","0"
"4001","1","0"
"4001","182","0"
"4002","1","0"
"4002","182","0"
"4003","1","0"
"4003","182","0"
"4004","1","0"
"4004","182","0"
"4005","1","0"
"4005","182","0"
"4006","1","0"
"4006","182","0"
"4007","1","0"
"4007","182","0"
"4008","1","0"
"4008","182","0"
"4009","1","0"
"4009","182","0"
"4010","1","0"
"4010","182","0"
"4011","1","0"
"4011","182","0"
"4012","1","0"
"4012","182","0"
"4013","1","0"
"4013","182","0"
"4014","1","0"
"4014","182","0"
"4016","1","0"
"4016","182","0"
"4028","1","0"
"4028","182","0"
"4034","20","0"
"4034","33","0"
"4044","20","0"
"4044","184","0"
"4052","20","0"
"4052","185","0"
"4065","79","0"
"4068","79","0"
"4069","20","0"
"4069","186","0"
"4074","79","0"
"4075","20","0"
"4075","187","0"
"4082","20","0"
"4082","93","0"
"4086","20","0"
"4086","188","0"
"4089","79","0"
"4090","79","0"
"4091","20","0"
"4091","189","0"
"4100","79","0"
"4101","79","0"
"4106","1","0"
"4110","20","0"
"4110","22","0"
"4167","79","0"
"4168","79","0"
"4179","7","0"
"4179","180","0"
"4184","7","0"
"4184","184","0"
"4188","7","0"
"4188","177","0"
"4197","80","0"
"4198","80","0"
"4250","4","0"
"4255","1","0"
"4255","4","0"
"4262","20","0"
"4262","56","0"
"4268","20","0"
"4271","20","0"
"4271","191","0"
"4274","79","0"
"4275","79","0"
"4276","79","0"
"4284","4","0"
"4394","4","0"
"4394","192","0"
"4396","20","0"
"4396","192","0"
"4398","7","0"
"4398","192","0"
"4450","20","0"
"4450","22","0"
"4457","20","0"
"4457","193","0"
"4459","20","0"
"4459","196","0"
"4461","79","0"
"4462","79","0"
"4488","20","0"
"4488","194","0"
"4492","20","0"
"4492","210","0"
"4497","79","0"
"4498","79","0"
"4531","7","0"
"4531","39","0"
"4538","7","0"
"4538","187","0"
"4541","7","0"
"4541","186","0"
"4549","80","0"
"4550","80","0"
"4551","80","0"
"4632","4","0"
"4643","20","0"
"4643","195","0"
"4654","4","0"
"4690","4","0"
"4711","7","0"
"4711","196","0"
"4713","7","0"
"4713","56","0"
"4776","20","0"
"4776","22","0"
"4784","7","0"
"4784","193","0"
"4787","7","0"
"4787","191","0"
"4792","80","0"
"4793","80","0"
"4794","80","0"
"4795","80","0"
"4810","20","0"
"4810","197","0"
"4823","79","0"
"4839","79","0"
"4856","7","0"
"4856","177","0"
"4915","20","0"
"4915","198","0"
"4917","79","0"
"4919","7","0"
"4919","198","0"
"4922","80","0"
"4933","4","0"
"4964","1","0"
"4964","4","0"
"5026","4","0"
"5026","199","0"
"5029","7","0"
"5029","199","0"
"5032","20","0"
"5032","199","0"
"5034","80","0"
"5035","78","0"
"5038","7","0"
"5038","200","0"
"5040","20","0"
"5040","200","0"
"5043","80","0"
"5045","79","0"
"5046","79","0"
"5063","4","0"
"5079","4","0"
"5082","4","0"
"5090","7","0"
"5090","178","0"
"5098","80","0"
"5100","7","0"
"5100","201","0"
"5103","80","0"
"5106","4","0"
"5111","7","0"
"5111","202","0"
"5114","20","0"
"5114","202","0"
"5121","80","0"
"5122","79","0"
"5125","78","0"
"5139","7","0"
"5139","170","0"
"5145","80","0"
"5146","78","0"
"5149","4","0"
"5158","4","0"
"5165","154","0"
"5165","156","0"
"5166","4","0"
"5172","4","0"
"5184","154","0"
"5184","156","0"
"5188","154","0"
"5188","156","0"
"5197","4","0"
"5206","4","0"
"5213","154","0"
"5213","156","0"
"5219","4","0"
"5277","1","0"
"5277","4","0"
"5277","203","0"
"5279","7","0"
"5279","9","0"
"5279","203","0"
"5281","20","0"
"5281","22","0"
"5281","203","0"
"5285","4","0"
"5285","204","0"
"5289","7","0"
"5289","204","0"
"5297","80","0"
"5298","7","0"
"5298","194","0"
"5300","80","0"
"5301","80","0"
"5312","1","0"
"5312","4","0"
"5314","154","0"
"5314","156","0"
"5319","4","0"
"5347","7","0"
"5351","80","0"
"5358","4","0"
"5362","78","0"
"5364","4","0"
"5379","4","0"
"5385","4","0"
"5401","78","0"
"5416","4","0"
"5416","177","0"
"5473","4","0"
"5473","180","0"
"5474","4","0"
"5495","4","0"
"5506","20","0"
"5506","205","0"
"5510","4","0"
"5510","205","0"
"5526","4","0"
"5532","78","0"
"5533","79","0"
"5549","4","0"
"5561","4","0"
"5567","20","0"
"5571","79","0"
"5579","4","0"
"5590","4","0"
"5604","4","0"
"5634","4","0"
"5634","207","0"
"5637","20","0"
"5637","207","0"
"5639","7","0"
"5639","207","0"
"5646","78","0"
"5647","80","0"
"5648","79","0"
"5746","4","0"
"5755","4","0"
"5785","4","0"
"5799","7","0"
"5805","80","0"
"5809","7","0"
"5809","209","0"
"5816","7","0"
"5816","33","0"
"5823","7","0"
"5823","188","0"
"5827","80","0"
"5828","80","0"
"5859","4","0"
"5859","214","0"
"5890","78","0"
"5910","4","0"
"5925","154","0"
"5925","156","0"
"5945","4","0"
"5996","1","0"
"5996","4","0"
"6021","4","0"
"6028","4","0"
"6045","154","0"
"6045","156","0"
"6073","4","0"
"6099","20","0"
"6169","4","0"
"6227","4","0"
"6236","4","0"
"6239","4","0"
"6241","4","0"
"6246","4","0"
"6247","4","0"
"6248","4","0"
"6300","4","0"
"6300","33","0"
"6317","4","0"
"6335","4","0"
"6336","4","0"
"6349","4","0"
"6365","4","0"
"6380","78","0"
"6381","78","0"
"6387","4","0"
"6413","4","0"
"6416","4","0"
"6418","4","0"
"6435","7","0"
"6435","195","0"
"6449","78","0"
"6450","78","0"
"6451","78","0"
"6489","20","0"
"6489","212","0"
"6526","20","0"
"6544","79","0"
"6548","4","0"
"6552","79","0"
"6562","4","0"
"6567","4","0"
"6624","7","0"
"6624","210","0"
"6663","20","0"
"6663","31","0"
"6665","79","0"
"6703","20","0"
"6703","209","0"
"6764","4","0"
"6764","178","0"
"6767","78","0"
"6775","80","0"
"6776","80","0"
"6777","80","0"
"6796","7","0"
"6796","31","0"
"6818","4","0"
"6818","209","0"
"6821","79","0"
"6825","78","0"
"6826","78","0"
"6835","4","0"
"6846","4","0"
"6872","4","0"
"6876","4","0"
"6876","211","0"
"6878","80","0"
"6879","80","0"
"6880","80","0"
"6882","154","0"
"6882","156","0"
"6903","7","0"
"6903","212","0"
"6905","20","0"
"6905","213","0"
"6908","4","0"
"6925","7","0"
"6925","214","0"
"6936","7","0"
"6936","213","0"
"6979","4","0"
"6979","184","0"
"6988","78","0"
"6991","4","0"
"6991","39","0"
"6996","4","0"
"7025","4","0"
"7033","4","0"
"7036","4","0"
"7040","4","0"
"7043","4","0"
"7064","4","0"
"7067","20","0"
